id,label
0,tiggo red
1,rio black
2,rio blue
3,matiz black
4,tiggo red
5,rio black
6,tiggo red
7,tiggo black
8,matiz red
9,tiggo blue
10,matiz red
11,rio black
12,rio blue
13,tiggo blue
14,rio red
15,matiz blue
16,matiz blue
17,matiz blue
18,rio red
19,rio red
20,rio red
21,matiz red
22,rio blue
23,matiz blue
24,matiz red
25,rio red
26,matiz red
27,rio blue
28,matiz red
29,tiggo black
30,rio blue
31,tiggo black
32,tiggo blue
33,rio red
34,tiggo black
35,rio black
36,tiggo blue
37,matiz blue
38,matiz blue
39,tiggo blue
40,tiggo black
41,rio black
42,rio blue
43,rio black
44,tiggo black
45,rio red
46,rio black
47,matiz black
48,rio black
49,rio blue
50,tiggo red
51,rio red
52,tiggo black
53,rio red
54,tiggo red
55,rio blue
56,rio black
57,tiggo red
58,tiggo blue
59,rio red
60,tiggo blue
61,rio blue
62,tiggo blue
63,matiz black
64,matiz black
65,matiz blue
66,tiggo red
67,rio black
68,rio red
69,rio black
70,rio blue
71,rio blue
72,tiggo black
73,matiz blue
74,rio blue
75,rio black
76,tiggo blue
77,rio black
78,rio red
79,rio black
80,rio red
81,matiz blue
82,tiggo blue
83,tiggo blue
84,tiggo black
85,rio red
86,rio red
87,matiz red
88,tiggo red
89,tiggo blue
90,rio red
91,rio red
92,rio red
93,tiggo red
94,matiz red
95,rio black
96,rio black
97,rio red
98,matiz blue
99,matiz red
100,tiggo black
101,rio red
102,matiz blue
103,matiz blue
104,rio blue
105,rio black
106,rio black
107,tiggo black
108,matiz red
109,tiggo red
110,rio red
111,matiz blue
112,rio black
113,tiggo blue
114,tiggo black
115,rio black
116,rio red
117,rio black
118,matiz red
119,rio red
120,tiggo black
121,rio red
122,rio blue
123,tiggo black
124,matiz blue
125,tiggo black
126,matiz blue
127,rio red
128,matiz blue
129,tiggo red
130,rio red
131,rio black
132,tiggo blue
133,rio blue
134,matiz black
135,tiggo red
136,rio red
137,tiggo blue
138,rio black
139,tiggo black
140,matiz red
141,rio black
142,rio blue
143,rio blue
144,tiggo blue
145,tiggo blue
146,tiggo blue
147,tiggo blue
148,rio red
149,tiggo red
150,matiz black
151,matiz red
152,matiz blue
153,matiz black
154,tiggo blue
155,matiz black
156,tiggo blue
157,rio red
158,tiggo red
159,tiggo red
160,rio blue
161,tiggo red
162,rio black
163,tiggo black
164,rio red
165,tiggo red
166,tiggo blue
167,matiz blue
168,tiggo blue
169,rio black
170,matiz red
171,matiz blue
172,tiggo blue
173,tiggo blue
174,tiggo black
175,rio red
176,matiz blue
177,rio red
178,matiz blue
179,matiz black
180,matiz black
181,rio black
182,tiggo black
183,rio blue
184,matiz blue
185,tiggo red
186,matiz black
187,tiggo red
188,matiz blue
189,tiggo black
190,matiz blue
191,tiggo red
192,tiggo blue
193,matiz black
194,matiz blue
195,matiz blue
196,rio black
197,tiggo blue
198,matiz black
199,matiz black
200,rio black
201,rio black
202,rio red
203,matiz red
204,tiggo red
205,rio blue
206,matiz red
207,matiz blue
208,tiggo black
209,rio red
210,matiz blue
211,matiz blue
212,rio blue
213,rio black
214,matiz blue
215,tiggo black
216,matiz blue
217,matiz blue
218,matiz black
219,rio red
220,matiz blue
221,rio red
222,matiz blue
223,matiz black
224,matiz blue
225,rio blue
226,rio blue
227,tiggo blue
228,matiz blue
229,rio black
230,matiz red
231,matiz red
232,matiz red
233,rio black
234,matiz red
235,matiz red
236,tiggo black
237,tiggo red
238,matiz red
239,matiz red
240,matiz red
241,rio red
242,tiggo black
243,rio red
244,matiz black
245,rio blue
246,tiggo blue
247,tiggo black
248,matiz blue
249,rio red
250,tiggo red
251,rio red
252,tiggo black
253,matiz blue
254,tiggo red
255,tiggo red
256,rio blue
257,tiggo red
258,matiz black
259,rio blue
260,matiz blue
261,tiggo red
262,rio red
263,rio black
264,rio red
265,rio red
266,matiz blue
267,matiz black
268,tiggo blue
269,tiggo blue
270,rio red
271,tiggo blue
272,matiz black
273,matiz red
274,rio blue
275,tiggo black
276,rio black
277,rio red
278,rio red
279,matiz red
280,matiz blue
281,rio red
282,tiggo red
283,rio red
284,matiz red
285,tiggo black
286,tiggo red
287,rio red
288,tiggo black
289,matiz red
290,tiggo blue
291,rio blue
292,tiggo black
293,matiz blue
294,tiggo red
295,matiz black
296,matiz black
297,matiz blue
298,rio black
299,tiggo black
300,rio black
301,matiz blue
302,tiggo red
303,tiggo red
304,rio black
305,matiz blue
306,matiz blue
307,rio blue
308,tiggo black
309,rio red
310,matiz blue
311,matiz black
312,tiggo blue
313,rio blue
314,rio red
315,rio black
316,matiz blue
317,rio red
318,rio blue
319,tiggo black
320,matiz blue
321,tiggo black
322,rio blue
323,tiggo red
324,rio blue
325,rio black
326,rio black
327,matiz red
328,tiggo red
329,tiggo red
330,tiggo red
331,matiz black
332,rio red
333,tiggo blue
334,tiggo blue
335,rio black
336,rio blue
337,tiggo red
338,matiz blue
339,matiz red
340,matiz blue
341,tiggo blue
342,tiggo blue
343,matiz red
344,tiggo black
345,rio blue
346,tiggo blue
347,rio blue
348,rio blue
349,matiz red
350,rio red
351,matiz red
352,rio black
353,rio red
354,tiggo black
355,rio red
356,tiggo blue
357,rio black
358,matiz blue
359,matiz blue
360,matiz blue
361,rio blue
362,rio red
363,matiz red
364,matiz blue
365,rio black
366,rio black
367,tiggo red
368,matiz red
369,rio red
370,rio black
371,tiggo blue
372,tiggo black
373,tiggo red
374,tiggo red
375,tiggo red
376,matiz red
377,rio black
378,matiz blue
379,rio blue
380,matiz blue
381,matiz blue
382,tiggo red
383,tiggo blue
384,rio red
385,rio blue
386,matiz blue
387,matiz red
388,tiggo red
389,rio red
390,rio blue
391,rio red
392,matiz black
393,matiz red
394,rio red
395,rio black
396,matiz black
397,matiz red
398,rio blue
399,matiz red
400,tiggo blue
401,tiggo blue
402,rio black
403,matiz red
404,tiggo red
405,matiz black
406,tiggo black
407,tiggo blue
408,matiz red
409,matiz black
410,tiggo blue
411,matiz black
412,tiggo red
413,tiggo red
414,matiz red
415,tiggo red
416,matiz red
417,matiz blue
418,rio red
419,matiz red
420,tiggo black
421,matiz blue
422,rio red
423,matiz black
424,rio blue
425,matiz red
426,matiz blue
427,rio red
428,tiggo blue
429,tiggo blue
430,tiggo black
431,tiggo blue
432,matiz red
433,matiz blue
434,matiz black
435,rio black
436,matiz blue
437,rio red
438,matiz black
439,matiz blue
440,rio black
441,tiggo black
442,matiz red
443,rio red
444,tiggo black
445,tiggo blue
446,tiggo red
447,matiz blue
448,matiz red
449,matiz blue
450,rio red
451,matiz red
452,rio red
453,rio red
454,tiggo blue
455,matiz black
456,matiz red
457,matiz blue
458,matiz red
459,tiggo black
460,tiggo black
461,matiz black
462,rio red
463,rio black
464,tiggo black
465,matiz red
466,matiz red
467,rio blue
468,tiggo black
469,matiz blue
470,tiggo blue
471,tiggo blue
472,tiggo red
473,rio black
474,tiggo blue
475,tiggo red
476,matiz black
477,rio red
478,rio red
479,tiggo red
480,tiggo red
481,rio red
482,matiz red
483,rio blue
484,rio blue
485,rio black
486,rio blue
487,tiggo blue
488,rio black
489,matiz red
490,tiggo red
491,rio red
492,rio black
493,rio red
494,rio red
495,rio blue
496,rio blue
497,tiggo blue
498,matiz red
499,matiz black
500,matiz blue
501,matiz blue
502,matiz red
503,rio black
504,tiggo black
505,rio blue
506,matiz blue
507,tiggo red
508,matiz blue
509,tiggo red
510,tiggo black
511,tiggo red
512,tiggo black
513,rio blue
514,rio red
515,rio black
516,rio black
517,tiggo black
518,matiz red
519,rio black
520,tiggo blue
521,tiggo blue
522,matiz black
523,rio red
524,matiz black
525,tiggo black
526,matiz black
527,rio blue
528,rio blue
529,matiz red
530,rio red
531,tiggo blue
532,rio red
533,tiggo red
534,tiggo blue
535,matiz blue
536,matiz black
537,tiggo black
538,matiz blue
539,matiz blue
540,tiggo black
541,tiggo black
542,tiggo red
543,tiggo blue
544,rio red
545,matiz red
546,tiggo blue
547,rio black
548,matiz blue
549,matiz red
550,matiz blue
551,matiz black
552,tiggo red
553,tiggo black
554,matiz blue
555,matiz blue
556,rio blue
557,rio black
558,rio red
559,rio blue
560,matiz blue
561,matiz black
562,rio blue
563,rio blue
564,rio black
565,rio black
566,matiz black
567,tiggo blue
568,matiz red
569,matiz red
570,tiggo red
571,rio red
572,tiggo red
573,tiggo black
574,rio blue
575,matiz red
576,rio black
577,tiggo blue
578,matiz red
579,tiggo black
580,tiggo black
581,tiggo black
582,tiggo black
583,tiggo red
584,rio red
585,matiz black
586,tiggo black
587,rio red
588,matiz blue
589,rio red
590,rio blue
591,matiz red
592,matiz blue
593,tiggo black
594,matiz blue
595,matiz blue
596,tiggo black
597,rio red
598,tiggo black
599,tiggo red
600,rio blue
601,tiggo red
602,matiz red
603,matiz blue
604,rio black
605,matiz black
606,matiz blue
607,tiggo blue
608,matiz red
609,tiggo blue
610,matiz red
611,matiz black
612,tiggo red
613,matiz black
614,tiggo black
615,matiz blue
616,tiggo black
617,rio red
618,tiggo blue
619,tiggo blue
620,tiggo blue
621,matiz blue
622,matiz red
623,matiz red
624,rio red
625,tiggo black
626,rio red
627,rio black
628,tiggo red
629,rio red
630,tiggo black
631,matiz blue
632,tiggo blue
633,matiz black
634,rio black
635,matiz black
636,rio blue
637,tiggo blue
638,tiggo blue
639,tiggo black
640,tiggo black
641,rio black
642,rio red
643,rio black
644,rio blue
645,tiggo red
646,matiz blue
647,rio red
648,tiggo red
649,rio black
650,matiz black
651,tiggo black
652,matiz red
653,rio red
654,rio red
655,tiggo red
656,matiz blue
657,rio black
658,tiggo blue
659,matiz red
660,matiz red
661,rio red
662,rio black
663,tiggo red
664,matiz blue
665,rio red
666,matiz blue
667,matiz black
668,matiz blue
669,rio red
670,tiggo blue
671,tiggo blue
672,rio black
673,rio red
674,rio blue
675,rio blue
676,rio red
677,rio red
678,tiggo red
679,matiz black
680,matiz blue
681,rio black
682,tiggo blue
683,rio black
684,matiz blue
685,matiz black
686,matiz red
687,rio black
688,matiz black
689,matiz black
690,rio red
691,rio blue
692,matiz red
693,tiggo red
694,matiz red
695,rio red
696,tiggo black
697,rio black
698,tiggo red
699,rio blue
700,rio blue
701,matiz blue
702,rio red
703,rio black
704,rio red
705,rio blue
706,rio red
707,matiz red
708,rio red
709,rio blue
710,matiz black
711,rio blue
712,matiz blue
713,matiz red
714,matiz red
715,tiggo black
716,tiggo red
717,matiz red
718,rio black
719,matiz black
720,matiz black
721,rio red
722,matiz red
723,rio red
724,tiggo black
725,tiggo black
726,rio blue
727,tiggo black
728,tiggo black
729,rio red
730,tiggo blue
731,matiz red
732,rio black
733,rio red
734,rio red
735,tiggo blue
736,matiz black
737,matiz red
738,tiggo red
739,rio red
740,rio black
741,rio blue
742,matiz blue
743,rio blue
744,rio red
745,tiggo blue
746,tiggo blue
747,matiz black
748,rio black
749,matiz red
750,matiz blue
751,rio red
752,matiz blue
753,tiggo red
754,matiz blue
755,rio red
756,matiz black
757,tiggo red
758,matiz blue
759,tiggo black
760,matiz black
761,tiggo black
762,matiz red
763,matiz black
764,tiggo red
765,tiggo black
766,matiz red
767,matiz blue
768,matiz black
769,matiz blue
770,tiggo blue
771,rio blue
772,tiggo red
773,matiz black
774,tiggo blue
775,tiggo red
776,matiz red
777,rio black
778,matiz red
779,tiggo red
780,tiggo blue
781,tiggo black
782,tiggo red
783,rio red
784,rio black
785,matiz black
786,tiggo blue
787,tiggo red
788,matiz blue
789,matiz blue
790,rio blue
791,rio blue
792,matiz red
793,rio black
794,matiz red
795,rio red
796,rio red
797,tiggo red
798,tiggo blue
799,rio red
800,tiggo black
801,matiz black
802,matiz red
803,matiz black
804,rio blue
805,matiz black
806,matiz red
807,rio red
808,rio blue
809,rio red
810,tiggo blue
811,tiggo blue
812,rio red
813,tiggo blue
814,rio blue
815,tiggo black
816,tiggo red
817,rio black
818,matiz blue
819,rio black
820,matiz blue
821,tiggo black
822,rio red
823,rio black
824,matiz blue
825,matiz red
826,tiggo blue
827,tiggo blue
828,rio blue
829,matiz blue
830,tiggo black
831,matiz black
832,tiggo red
833,tiggo red
834,tiggo black
835,tiggo black
836,rio red
837,tiggo red
838,tiggo black
839,matiz black
840,matiz black
841,tiggo black
842,tiggo blue
843,rio blue
844,tiggo blue
845,matiz black
846,matiz red
847,rio red
848,tiggo blue
849,tiggo black
850,tiggo black
851,tiggo blue
852,tiggo black
853,matiz red
854,matiz black
855,matiz red
856,matiz black
857,rio black
858,matiz red
859,matiz blue
860,rio blue
861,rio black
862,tiggo red
863,rio red
864,matiz black
865,rio red
866,matiz blue
867,matiz blue
868,tiggo black
869,matiz blue
870,matiz red
871,matiz red
872,matiz blue
873,rio blue
874,tiggo blue
875,rio red
876,rio red
877,rio red
878,matiz red
879,matiz blue
880,matiz black
881,tiggo red
882,rio blue
883,rio black
884,tiggo blue
885,rio black
886,matiz black
887,matiz blue
888,rio red
889,tiggo blue
890,rio red
891,rio red
892,rio blue
893,rio black
894,tiggo red
895,tiggo black
896,tiggo red
897,rio red
898,rio black
899,rio red
900,matiz black
901,tiggo blue
902,rio red
903,tiggo red
904,tiggo red
905,tiggo blue
906,matiz red
907,matiz blue
908,tiggo red
909,tiggo black
910,tiggo black
911,matiz black
912,tiggo black
913,tiggo red
914,matiz black
915,matiz black
916,rio red
917,rio blue
918,matiz blue
919,rio red
920,rio blue
921,tiggo blue
922,matiz blue
923,matiz red
924,rio black
925,matiz black
926,matiz black
927,matiz blue
928,matiz blue
929,rio red
930,matiz black
931,rio red
932,matiz blue
933,rio red
934,rio black
935,rio black
936,rio blue
937,matiz black
938,rio red
939,rio black
940,tiggo black
941,matiz red
942,matiz red
943,rio red
944,tiggo black
945,matiz red
946,rio red
947,rio red
948,rio black
949,matiz red
950,rio blue
951,matiz blue
952,rio blue
953,tiggo black
954,matiz red
955,rio black
956,tiggo blue
957,matiz red
958,tiggo black
959,matiz blue
960,rio blue
961,matiz black
962,matiz red
963,matiz blue
964,tiggo red
965,tiggo black
966,matiz blue
967,matiz blue
968,tiggo black
969,tiggo black
970,rio blue
971,rio black
972,matiz red
973,matiz blue
974,rio red
975,rio black
976,tiggo black
977,tiggo red
978,tiggo blue
979,matiz red
980,tiggo red
981,tiggo blue
982,matiz black
983,tiggo red
984,rio red
985,rio black
986,matiz blue
987,rio red
988,rio black
989,rio black
990,matiz blue
991,tiggo red
992,matiz blue
993,matiz black
994,tiggo black
995,tiggo red
996,matiz red
997,matiz red
998,matiz red
999,tiggo red
1000,matiz red
1001,tiggo black
1002,matiz blue
1003,rio red
1004,matiz red
1005,rio red
1006,matiz black
1007,rio red
1008,rio blue
1009,tiggo black
1010,rio red
1011,matiz black
1012,rio black
1013,rio red
1014,tiggo black
1015,tiggo black
1016,tiggo black
1017,rio red
1018,matiz black
1019,tiggo black
1020,rio red
1021,matiz black
1022,matiz red
1023,matiz black
1024,rio black
1025,rio red
1026,tiggo red
1027,tiggo red
1028,rio black
1029,matiz black
1030,rio black
1031,matiz black
1032,rio blue
1033,rio red
1034,tiggo black
1035,matiz blue
1036,matiz red
1037,matiz red
1038,matiz blue
1039,rio blue
1040,matiz red
1041,matiz blue
1042,tiggo blue
1043,matiz blue
1044,rio black
1045,rio red
1046,tiggo black
1047,rio blue
1048,rio red
1049,rio black
1050,tiggo blue
1051,matiz red
1052,tiggo blue
1053,rio black
1054,matiz blue
1055,rio red
1056,rio black
1057,tiggo black
1058,rio red
1059,rio black
1060,tiggo red
1061,tiggo red
1062,matiz red
1063,tiggo blue
1064,tiggo red
1065,tiggo red
1066,tiggo red
1067,matiz blue
1068,tiggo blue
1069,rio red
1070,matiz blue
1071,tiggo black
1072,rio black
1073,tiggo blue
1074,rio red
1075,matiz red
1076,matiz blue
1077,tiggo black
1078,rio red
1079,rio blue
1080,matiz red
1081,matiz blue
1082,rio black
1083,rio blue
1084,rio blue
1085,tiggo black
1086,rio blue
1087,matiz blue
1088,tiggo black
1089,rio blue
1090,matiz blue
1091,rio blue
1092,tiggo black
1093,rio red
1094,matiz black
1095,matiz black
1096,rio red
1097,rio red
1098,rio red
1099,rio black
1100,matiz red
1101,rio blue
1102,matiz red
1103,matiz red
1104,tiggo blue
1105,matiz black
1106,matiz blue
1107,rio blue
1108,rio red
1109,matiz blue
1110,tiggo red
1111,tiggo blue
1112,rio blue
1113,tiggo black
1114,rio black
1115,matiz blue
1116,tiggo black
1117,matiz red
1118,rio red
1119,rio red
1120,rio red
1121,matiz blue
1122,matiz red
1123,rio black
1124,rio blue
1125,tiggo blue
1126,matiz blue
1127,tiggo red
1128,tiggo red
1129,matiz blue
1130,rio red
1131,rio black
1132,rio red
1133,matiz blue
1134,tiggo black
1135,rio blue
1136,rio black
1137,rio red
1138,rio black
1139,matiz blue
1140,tiggo blue
1141,matiz red
1142,rio red
1143,matiz blue
1144,rio red
1145,matiz red
1146,tiggo blue
1147,matiz blue
1148,rio black
1149,rio blue
1150,tiggo red
1151,matiz red
1152,matiz red
1153,rio blue
1154,tiggo red
1155,rio blue
1156,rio red
1157,rio black
1158,rio black
1159,rio blue
1160,matiz red
1161,matiz black
1162,matiz black
1163,tiggo black
1164,rio blue
1165,matiz blue
1166,rio red
1167,rio black
1168,rio blue
1169,matiz blue
1170,rio blue
1171,rio black
1172,matiz red
1173,rio red
1174,rio red
1175,tiggo blue
1176,matiz red
1177,matiz red
1178,tiggo red
1179,tiggo red
1180,matiz blue
1181,matiz red
1182,rio black
1183,matiz blue
1184,rio black
1185,tiggo blue
1186,tiggo blue
1187,tiggo blue
1188,matiz blue
1189,tiggo red
1190,rio black
1191,tiggo black
1192,tiggo red
1193,rio blue
1194,rio black
1195,rio black
1196,rio black
1197,rio blue
1198,tiggo black
1199,rio black
1200,rio blue
1201,tiggo blue
1202,matiz blue
1203,tiggo blue
1204,matiz red
1205,tiggo blue
1206,matiz blue
1207,tiggo black
1208,matiz blue
1209,rio black
1210,tiggo black
1211,rio black
1212,rio black
1213,tiggo blue
1214,matiz red
1215,matiz black
1216,rio black
1217,matiz red
1218,matiz blue
1219,tiggo black
1220,tiggo black
1221,matiz black
1222,tiggo black
1223,rio black
1224,rio blue
1225,tiggo blue
1226,tiggo black
1227,matiz blue
1228,matiz red
1229,rio black
1230,tiggo blue
1231,matiz blue
1232,rio blue
1233,tiggo red
1234,tiggo red
1235,matiz black
1236,tiggo blue
1237,rio red
1238,tiggo blue
1239,tiggo blue
1240,tiggo blue
1241,rio red
1242,tiggo red
1243,rio black
1244,matiz blue
1245,rio red
1246,rio red
1247,tiggo black
1248,rio blue
1249,rio red
1250,tiggo black
1251,matiz blue
1252,matiz red
1253,rio blue
1254,rio red
1255,rio black
1256,rio black
1257,rio blue
1258,rio black
1259,rio red
1260,tiggo black
1261,tiggo blue
1262,matiz red
1263,matiz blue
1264,rio black
1265,rio black
1266,matiz black
1267,rio black
1268,matiz red
1269,matiz blue
1270,tiggo red
1271,rio red
1272,tiggo black
1273,rio blue
1274,matiz blue
1275,tiggo red
1276,rio blue
1277,matiz black
1278,tiggo red
1279,matiz red
1280,matiz blue
1281,rio blue
1282,rio black
1283,rio black
1284,tiggo black
1285,rio red
1286,matiz blue
1287,tiggo black
1288,tiggo black
1289,tiggo blue
1290,matiz red
1291,rio red
1292,rio blue
1293,tiggo black
1294,tiggo black
1295,tiggo red
1296,rio red
1297,matiz blue
1298,tiggo red
1299,tiggo black
1300,rio red
1301,rio black
1302,matiz blue
1303,tiggo blue
1304,matiz red
1305,matiz blue
1306,rio red
1307,matiz red
1308,matiz blue
1309,rio blue
1310,tiggo red
1311,rio red
1312,matiz blue
1313,tiggo black
1314,matiz black
1315,matiz blue
1316,matiz black
1317,matiz red
1318,tiggo blue
1319,rio black
1320,tiggo blue
1321,rio red
1322,rio blue
1323,matiz blue
1324,rio black
1325,matiz black
1326,tiggo blue
1327,rio red
1328,tiggo red
1329,tiggo black
1330,matiz blue
1331,matiz blue
1332,tiggo red
1333,matiz black
1334,matiz blue
1335,tiggo red
1336,rio red
1337,rio black
1338,matiz black
1339,tiggo black
1340,rio red
1341,matiz red
1342,rio black
1343,matiz blue
1344,matiz blue
1345,tiggo blue
1346,matiz blue
1347,rio red
1348,rio black
1349,matiz black
1350,rio red
1351,rio red
1352,tiggo red
1353,rio red
1354,tiggo blue
1355,rio blue
1356,matiz black
1357,rio blue
1358,matiz black
1359,rio red
1360,rio blue
1361,rio black
1362,tiggo red
1363,rio red
1364,tiggo red
1365,tiggo blue
1366,matiz red
1367,rio black
1368,tiggo blue
1369,tiggo red
1370,rio red
1371,rio black
1372,tiggo blue
1373,tiggo red
1374,rio black
1375,tiggo red
1376,rio black
1377,tiggo black
1378,matiz black
1379,matiz red
1380,tiggo blue
1381,rio red
1382,tiggo blue
1383,tiggo blue
1384,matiz red
1385,tiggo blue
1386,matiz black
1387,rio red
1388,tiggo black
1389,rio black
1390,matiz black
1391,rio black
1392,rio black
1393,tiggo blue
1394,tiggo black
1395,matiz red
1396,rio blue
1397,matiz red
1398,matiz black
1399,rio blue
1400,rio blue
1401,matiz red
1402,tiggo red
1403,rio blue
1404,matiz black
1405,rio red
1406,rio red
1407,tiggo blue
1408,matiz black
1409,rio black
1410,tiggo black
1411,matiz red
1412,matiz blue
1413,rio black
1414,tiggo black
1415,rio black
1416,matiz black
1417,rio blue
1418,matiz blue
1419,tiggo blue
1420,matiz black
1421,tiggo blue
1422,tiggo black
1423,rio black
1424,tiggo black
1425,matiz red
1426,matiz blue
1427,tiggo black
1428,matiz red
1429,rio black
1430,rio black
1431,matiz red
1432,rio red
1433,rio black
1434,tiggo red
1435,rio blue
1436,matiz blue
1437,rio black
1438,matiz black
1439,rio blue
1440,rio red
1441,matiz blue
1442,tiggo red
1443,tiggo black
1444,tiggo blue
1445,matiz red
1446,tiggo black
1447,matiz red
1448,matiz black
1449,tiggo red
1450,rio blue
1451,rio red
1452,tiggo black
1453,rio black
1454,tiggo black
1455,tiggo black
1456,rio red
1457,rio red
1458,matiz red
1459,rio red
1460,tiggo black
1461,matiz black
1462,tiggo red
1463,tiggo red
1464,rio black
1465,matiz black
1466,tiggo red
1467,rio red
1468,tiggo red
1469,matiz black
1470,matiz red
1471,tiggo red
1472,matiz blue
1473,matiz black
1474,matiz blue
1475,matiz red
1476,matiz red
1477,rio black
1478,tiggo blue
1479,matiz black
1480,matiz red
1481,tiggo blue
1482,matiz blue
1483,tiggo black
1484,matiz blue
1485,matiz blue
1486,rio red
1487,rio red
1488,matiz red
1489,rio red
1490,rio blue
1491,rio red
1492,matiz red
1493,rio red
1494,rio red
1495,matiz black
1496,matiz red
1497,rio black
1498,tiggo black
1499,rio red
1500,rio red
1501,rio black
1502,tiggo blue
1503,matiz blue
1504,tiggo blue
1505,rio black
1506,rio red
1507,rio red
1508,tiggo blue
1509,rio red
1510,rio red
1511,tiggo black
1512,tiggo black
1513,matiz blue
1514,matiz blue
1515,rio red
1516,tiggo red
1517,matiz black
1518,tiggo black
1519,rio red
1520,tiggo blue
1521,tiggo black
1522,tiggo black
1523,tiggo red
1524,matiz blue
1525,tiggo blue
1526,tiggo black
1527,matiz red
1528,tiggo black
1529,rio blue
1530,rio red
1531,rio black
1532,rio blue
1533,matiz red
1534,matiz blue
1535,matiz red
1536,rio blue
1537,matiz blue
1538,tiggo blue
1539,rio red
1540,rio blue
1541,tiggo black
1542,tiggo black
1543,rio red
1544,matiz red
1545,rio red
1546,tiggo black
1547,rio blue
1548,tiggo blue
1549,matiz red
1550,tiggo red
1551,matiz red
1552,tiggo blue
1553,rio black
1554,rio blue
1555,rio blue
1556,tiggo black
1557,rio blue
1558,rio black
1559,rio black
1560,tiggo black
1561,matiz black
1562,matiz red
1563,rio black
1564,matiz red
1565,tiggo blue
1566,rio red
1567,rio red
1568,matiz black
1569,rio black
1570,tiggo blue
1571,tiggo blue
1572,rio blue
1573,tiggo blue
1574,tiggo black
1575,matiz black
1576,tiggo red
1577,tiggo red
1578,rio red
1579,rio red
1580,rio blue
1581,matiz blue
1582,rio black
1583,tiggo blue
1584,matiz blue
1585,rio black
1586,rio red
1587,tiggo blue
1588,matiz blue
1589,tiggo red
1590,matiz red
1591,tiggo red
1592,rio red
1593,rio red
1594,tiggo black
1595,matiz red
1596,matiz black
1597,matiz red
1598,matiz red
1599,matiz red
1600,rio red
1601,rio black
1602,tiggo red
1603,rio black
1604,rio red
1605,tiggo blue
1606,matiz blue
1607,matiz black
1608,matiz blue
1609,rio blue
1610,rio black
1611,rio red
1612,rio red
1613,tiggo blue
1614,tiggo black
1615,rio red
1616,rio red
1617,tiggo blue
1618,matiz blue
1619,matiz black
1620,rio blue
1621,matiz red
1622,tiggo black
1623,rio black
1624,tiggo blue
1625,rio red
1626,matiz red
1627,rio red
1628,rio blue
1629,rio red
1630,tiggo blue
1631,rio red
1632,matiz black
1633,tiggo red
1634,matiz red
1635,matiz blue
1636,matiz red
1637,rio black
1638,matiz red
1639,matiz blue
1640,matiz blue
1641,matiz blue
1642,matiz red
1643,rio red
1644,matiz blue
1645,tiggo blue
1646,matiz black
1647,tiggo red
1648,rio red
1649,rio black
1650,matiz black
1651,tiggo blue
1652,rio red
1653,rio red
1654,matiz red
1655,matiz black
1656,rio red
1657,matiz red
1658,tiggo red
1659,matiz blue
1660,matiz black
1661,matiz blue
1662,tiggo blue
1663,matiz black
1664,matiz red
1665,matiz red
1666,matiz blue
1667,rio red
1668,rio black
1669,matiz red
1670,matiz red
1671,tiggo blue
1672,rio blue
1673,tiggo black
1674,matiz red
1675,rio red
1676,rio red
1677,rio black
1678,tiggo red
1679,matiz blue
1680,rio black
1681,rio blue
1682,rio blue
1683,rio blue
1684,tiggo blue
1685,matiz blue
1686,matiz blue
1687,rio black
1688,rio black
1689,matiz black
1690,matiz black
1691,matiz blue
1692,rio red
1693,matiz black
1694,rio blue
1695,matiz blue
1696,rio black
1697,tiggo red
1698,tiggo blue
1699,rio red
1700,tiggo red
1701,rio red
1702,tiggo black
1703,matiz blue
1704,matiz red
1705,matiz blue
1706,matiz black
1707,tiggo black
1708,tiggo black
1709,rio black
1710,tiggo blue
1711,tiggo blue
1712,rio blue
1713,tiggo red
1714,rio red
1715,matiz blue
1716,matiz red
1717,tiggo red
1718,rio red
1719,tiggo black
1720,tiggo black
1721,tiggo black
1722,tiggo red
1723,matiz red
1724,matiz red
1725,matiz red
1726,rio black
1727,tiggo black
1728,tiggo black
1729,tiggo black
1730,matiz blue
1731,matiz red
1732,tiggo blue
1733,tiggo blue
1734,matiz red
1735,rio blue
1736,rio blue
1737,matiz black
1738,rio red
1739,matiz blue
1740,rio red
1741,rio black
1742,matiz red
1743,tiggo red
1744,tiggo black
1745,tiggo red
1746,tiggo blue
1747,tiggo blue
1748,matiz black
1749,matiz red
1750,matiz red
1751,rio red
1752,rio black
1753,rio blue
1754,matiz red
1755,rio black
1756,matiz blue
1757,rio black
1758,matiz black
1759,rio blue
1760,tiggo black
1761,rio black
1762,matiz blue
1763,tiggo black
1764,matiz blue
1765,tiggo black
1766,tiggo blue
1767,rio blue
1768,tiggo black
1769,rio black
1770,rio red
1771,matiz blue
1772,matiz red
1773,matiz red
1774,matiz blue
1775,rio red
1776,rio black
1777,matiz blue
1778,tiggo red
1779,rio red
1780,rio red
1781,matiz black
1782,rio blue
1783,tiggo blue
1784,tiggo black
1785,matiz black
1786,tiggo red
1787,matiz blue
1788,rio red
1789,rio blue
1790,rio black
1791,matiz red
1792,rio red
1793,rio black
1794,rio blue
1795,matiz black
1796,rio blue
1797,rio red
1798,rio black
1799,matiz black
1800,rio red
1801,rio red
1802,rio red
1803,matiz red
1804,matiz black
1805,matiz blue
1806,matiz blue
1807,tiggo black
1808,rio red
1809,tiggo black
1810,rio blue
1811,tiggo red
1812,rio blue
1813,tiggo red
1814,rio blue
1815,matiz blue
1816,rio red
1817,tiggo black
1818,matiz red
1819,rio red
1820,tiggo black
1821,tiggo black
1822,tiggo red
1823,tiggo black
1824,tiggo red
1825,matiz blue
1826,rio red
1827,tiggo black
1828,tiggo red
1829,tiggo black
1830,rio black
1831,matiz red
1832,matiz red
1833,matiz black
1834,tiggo red
1835,tiggo red
1836,matiz red
1837,tiggo blue
1838,rio black
1839,tiggo black
1840,matiz blue
1841,matiz red
1842,matiz black
1843,rio red
1844,rio red
1845,tiggo red
1846,matiz red
1847,matiz red
1848,rio black
1849,tiggo blue
1850,rio red
1851,tiggo black
1852,rio blue
1853,matiz black
1854,matiz red
1855,tiggo blue
1856,rio black
1857,tiggo black
1858,matiz blue
1859,tiggo black
1860,rio red
1861,tiggo black
1862,matiz blue
1863,rio black
1864,matiz red
1865,tiggo black
1866,rio blue
1867,matiz black
1868,rio blue
1869,rio red
1870,rio black
1871,matiz blue
1872,matiz red
1873,matiz red
1874,rio blue
1875,tiggo red
1876,rio red
1877,tiggo blue
1878,tiggo blue
1879,tiggo blue
1880,rio black
1881,matiz red
1882,rio red
1883,matiz red
1884,tiggo black
1885,rio red
1886,rio blue
1887,tiggo blue
1888,rio blue
1889,matiz black
1890,rio blue
1891,rio blue
1892,tiggo black
1893,rio red
1894,tiggo black
1895,rio red
1896,matiz blue
1897,rio blue
1898,matiz black
1899,rio blue
1900,rio red
1901,rio blue
1902,matiz blue
1903,matiz blue
1904,rio red
1905,rio blue
1906,rio red
1907,matiz blue
1908,rio red
1909,tiggo blue
1910,rio red
1911,rio blue
1912,tiggo red
1913,tiggo red
1914,matiz black
1915,rio black
1916,rio black
1917,matiz black
1918,rio red
1919,rio black
1920,matiz red
1921,rio red
1922,rio red
1923,rio blue
1924,matiz blue
1925,matiz black
1926,tiggo red
1927,matiz red
1928,tiggo blue
1929,matiz red
1930,rio blue
1931,tiggo red
1932,matiz black
1933,tiggo red
1934,matiz blue
1935,rio red
1936,matiz blue
1937,rio black
1938,tiggo black
1939,rio red
1940,rio blue
1941,tiggo blue
1942,rio red
1943,rio black
1944,matiz blue
1945,matiz red
1946,rio red
1947,matiz red
1948,tiggo blue
1949,matiz blue
1950,rio red
1951,tiggo red
1952,tiggo red
1953,tiggo red
1954,rio red
1955,matiz blue
1956,rio black
1957,tiggo black
1958,tiggo blue
1959,rio blue
1960,matiz blue
1961,rio blue
1962,tiggo red
1963,matiz black
1964,rio blue
1965,matiz blue
1966,rio red
1967,tiggo black
1968,matiz black
1969,rio red
1970,tiggo blue
1971,tiggo blue
1972,matiz black
1973,tiggo red
1974,matiz red
1975,tiggo blue
1976,rio black
1977,matiz red
1978,rio red
1979,tiggo black
1980,rio red
1981,matiz red
1982,matiz red
1983,matiz red
1984,rio blue
1985,rio red
1986,rio blue
1987,rio black
1988,matiz red
1989,rio red
1990,tiggo red
1991,tiggo black
1992,tiggo red
1993,rio blue
1994,matiz blue
1995,tiggo red
1996,matiz blue
1997,matiz black
1998,tiggo blue
1999,rio red
2000,rio red
2001,tiggo blue
2002,matiz red
2003,matiz blue
2004,tiggo red
2005,rio black
2006,rio blue
2007,rio blue
2008,tiggo blue
2009,matiz black
2010,matiz blue
2011,rio red
2012,rio blue
2013,matiz red
2014,tiggo blue
2015,tiggo black
2016,matiz red
2017,tiggo red
2018,matiz red
2019,matiz blue
2020,matiz blue
2021,tiggo red
2022,matiz red
2023,rio black
2024,rio blue
2025,tiggo red
2026,matiz red
2027,matiz blue
2028,tiggo black
2029,tiggo blue
2030,matiz red
2031,matiz blue
2032,rio red
2033,matiz red
2034,tiggo black
2035,matiz black
2036,tiggo blue
2037,matiz black
2038,tiggo blue
2039,rio blue
2040,rio blue
2041,tiggo blue
2042,tiggo blue
2043,matiz red
2044,rio red
2045,matiz blue
2046,rio blue
2047,matiz black
2048,matiz black
2049,rio blue
2050,rio red
2051,matiz red
2052,matiz black
2053,rio red
2054,matiz black
2055,matiz red
2056,rio black
2057,tiggo blue
2058,matiz red
2059,rio blue
2060,rio blue
2061,rio blue
2062,tiggo red
2063,rio blue
2064,rio red
2065,matiz blue
2066,rio blue
2067,tiggo red
2068,tiggo blue
2069,matiz red
2070,matiz blue
2071,matiz black
2072,matiz red
2073,matiz black
2074,tiggo black
2075,matiz red
2076,tiggo blue
2077,tiggo black
2078,matiz black
2079,rio black
2080,tiggo red
2081,rio black
2082,tiggo black
2083,tiggo red
2084,rio black
2085,matiz black
2086,matiz black
2087,rio black
2088,rio blue
2089,rio blue
2090,matiz red
2091,rio black
2092,rio red
2093,matiz red
2094,tiggo red
2095,matiz red
2096,rio black
2097,matiz red
2098,rio red
2099,matiz blue
2100,tiggo black
2101,rio black
2102,rio red
2103,matiz black
2104,tiggo black
2105,matiz red
2106,matiz blue
2107,rio red
2108,matiz red
2109,matiz blue
2110,matiz black
2111,rio blue
2112,rio black
2113,matiz black
2114,matiz red
2115,tiggo blue
2116,matiz red
2117,matiz blue
2118,matiz black
2119,rio black
2120,matiz blue
2121,tiggo blue
2122,rio red
2123,matiz black
2124,rio red
2125,tiggo blue
2126,matiz black
2127,rio red
2128,matiz red
2129,matiz blue
2130,tiggo black
2131,rio red
2132,matiz red
2133,tiggo blue
2134,tiggo blue
2135,tiggo red
2136,matiz blue
2137,tiggo red
2138,matiz black
2139,matiz red
2140,rio black
2141,tiggo black
2142,tiggo blue
2143,matiz red
2144,rio red
2145,tiggo black
2146,matiz black
2147,matiz blue
2148,tiggo red
2149,matiz red
2150,tiggo blue
2151,matiz red
2152,rio blue
2153,tiggo blue
2154,rio blue
2155,matiz black
2156,matiz red
2157,matiz blue
2158,tiggo black
2159,rio red
2160,tiggo red
2161,matiz black
2162,rio red
2163,rio black
2164,tiggo blue
2165,tiggo black
2166,rio red
2167,matiz red
2168,tiggo red
2169,rio red
2170,tiggo blue
2171,matiz blue
2172,rio blue
2173,rio black
2174,rio red
2175,rio red
2176,matiz blue
2177,matiz blue
2178,rio blue
2179,rio red
2180,rio red
2181,tiggo red
2182,rio blue
2183,rio red
2184,matiz red
2185,rio red
2186,rio black
2187,rio blue
2188,tiggo red
2189,rio black
2190,matiz red
2191,matiz blue
2192,rio blue
2193,tiggo blue
2194,rio blue
2195,rio blue
2196,rio blue
2197,rio black
2198,rio red
2199,rio red
2200,rio black
2201,rio red
2202,rio black
2203,tiggo blue
2204,tiggo black
2205,matiz red
2206,matiz black
2207,rio blue
2208,tiggo black
2209,rio red
2210,matiz blue
2211,matiz red
2212,tiggo black
2213,tiggo red
2214,tiggo red
2215,rio blue
2216,rio black
2217,matiz blue
2218,rio black
2219,rio black
2220,rio black
2221,rio red
2222,rio blue
2223,tiggo blue
2224,tiggo red
2225,rio blue
2226,matiz blue
2227,rio red
2228,matiz red
2229,tiggo red
2230,tiggo black
2231,matiz red
2232,matiz blue
2233,tiggo blue
2234,tiggo black
2235,matiz red
2236,rio red
2237,rio black
2238,tiggo blue
2239,rio black
2240,matiz black
2241,tiggo red
2242,tiggo red
2243,matiz red
2244,rio red
2245,rio red
2246,tiggo blue
2247,tiggo red
2248,rio blue
2249,rio blue
2250,rio black
2251,rio red
2252,rio red
2253,matiz red
2254,matiz blue
2255,rio blue
2256,rio black
2257,tiggo red
2258,rio black
2259,tiggo black
2260,tiggo black
2261,matiz red
2262,matiz red
2263,tiggo red
2264,tiggo blue
2265,matiz red
2266,matiz black
2267,rio red
2268,matiz red
2269,rio black
2270,tiggo black
2271,matiz blue
2272,rio black
2273,tiggo black
2274,matiz blue
2275,rio black
2276,rio black
2277,tiggo black
2278,matiz red
2279,tiggo blue
2280,matiz red
2281,matiz red
2282,rio red
2283,rio black
2284,rio blue
2285,rio red
2286,rio red
2287,tiggo blue
2288,rio red
2289,rio red
2290,matiz red
2291,tiggo black
2292,tiggo red
2293,rio red
2294,matiz red
2295,matiz red
2296,tiggo red
2297,tiggo blue
2298,rio red
2299,tiggo red
2300,matiz red
2301,rio blue
2302,rio blue
2303,rio red
2304,rio blue
2305,matiz black
2306,matiz red
2307,rio blue
2308,matiz blue
2309,tiggo blue
2310,matiz red
2311,tiggo black
2312,tiggo blue
2313,rio red
2314,rio blue
2315,matiz red
2316,tiggo blue
2317,rio blue
2318,tiggo black
2319,matiz red
2320,matiz blue
2321,matiz black
2322,matiz red
2323,matiz red
2324,tiggo red
2325,matiz blue
2326,rio red
2327,tiggo red
2328,matiz red
2329,matiz red
2330,matiz blue
2331,tiggo red
2332,tiggo black
2333,tiggo red
2334,tiggo black
2335,rio blue
2336,rio red
2337,matiz red
2338,matiz black
2339,rio black
2340,rio black
2341,rio red
2342,matiz black
2343,matiz red
2344,rio blue
2345,rio red
2346,rio blue
2347,matiz red
2348,rio red
2349,matiz black
2350,tiggo red
2351,tiggo blue
2352,rio blue
2353,tiggo blue
2354,rio red
2355,tiggo black
2356,tiggo black
2357,tiggo red
2358,matiz blue
2359,tiggo red
2360,tiggo black
2361,tiggo black
2362,tiggo blue
2363,matiz red
2364,rio blue
2365,tiggo black
2366,rio black
2367,tiggo blue
2368,rio blue
2369,tiggo black
2370,matiz black
2371,matiz black
2372,matiz red
2373,matiz blue
2374,tiggo red
2375,rio blue
2376,tiggo blue
2377,rio red
2378,rio blue
2379,matiz blue
2380,rio red
2381,rio red
2382,rio black
2383,matiz black
2384,rio red
2385,matiz red
2386,matiz red
2387,matiz black
2388,rio blue
2389,tiggo red
2390,matiz red
2391,rio red
2392,rio red
2393,rio black
2394,matiz black
2395,matiz red
2396,rio red
2397,tiggo black
2398,rio black
2399,matiz black
2400,matiz black
2401,rio black
2402,matiz blue
2403,rio red
2404,tiggo red
2405,rio red
2406,tiggo red
2407,rio black
2408,rio black
2409,matiz red
2410,matiz black
2411,rio red
2412,rio red
2413,matiz red
2414,matiz blue
2415,tiggo red
2416,rio black
2417,tiggo red
2418,tiggo black
2419,tiggo black
2420,tiggo blue
2421,tiggo black
2422,rio black
2423,matiz blue
2424,tiggo black
2425,rio red
2426,rio red
2427,tiggo black
2428,tiggo blue
2429,rio red
2430,rio blue
2431,matiz black
2432,matiz black
2433,rio black
2434,rio red
2435,tiggo red
2436,rio red
2437,matiz black
2438,rio red
2439,rio red
2440,tiggo blue
2441,rio blue
2442,tiggo red
2443,tiggo red
2444,tiggo red
2445,rio red
2446,rio black
2447,matiz blue
2448,rio red
2449,rio red
2450,rio red
2451,rio black
2452,matiz red
2453,matiz blue
2454,tiggo black
2455,tiggo blue
2456,rio black
2457,tiggo blue
2458,tiggo black
2459,rio black
2460,tiggo black
2461,rio blue
2462,matiz red
2463,rio red
2464,tiggo black
2465,tiggo red
2466,tiggo red
2467,matiz blue
2468,matiz blue
2469,tiggo blue
2470,tiggo red
2471,tiggo blue
2472,matiz blue
2473,tiggo red
2474,matiz red
2475,matiz black
2476,matiz blue
2477,tiggo black
2478,tiggo blue
2479,rio blue
2480,tiggo red
2481,tiggo black
2482,matiz blue
2483,tiggo red
2484,tiggo black
2485,matiz blue
2486,rio red
2487,rio red
2488,tiggo blue
2489,tiggo black
2490,matiz blue
2491,matiz red
2492,rio red
2493,tiggo blue
2494,matiz blue
2495,rio blue
2496,matiz red
2497,tiggo black
2498,matiz red
2499,tiggo red
2500,matiz black
2501,matiz red
2502,tiggo red
2503,tiggo black
2504,rio red
2505,tiggo blue
2506,tiggo red
2507,tiggo black
2508,tiggo red
2509,tiggo red
2510,rio blue
2511,matiz black
2512,matiz red
2513,tiggo black
2514,matiz red
2515,rio black
2516,rio red
2517,rio black
2518,rio red
2519,rio blue
2520,rio blue
2521,rio red
2522,matiz blue
2523,rio red
2524,matiz black
2525,rio blue
2526,rio red
2527,rio red
2528,rio blue
2529,tiggo black
2530,tiggo blue
2531,matiz red
2532,tiggo red
2533,rio red
2534,matiz blue
2535,matiz red
2536,matiz red
2537,rio black
2538,rio red
2539,matiz black
2540,tiggo blue
2541,tiggo red
2542,matiz red
2543,rio red
2544,rio black
2545,matiz blue
2546,rio red
2547,rio red
2548,matiz blue
2549,matiz black
2550,rio black
2551,tiggo blue
2552,tiggo blue
2553,matiz black
2554,matiz black
2555,rio black
2556,matiz black
2557,matiz black
2558,tiggo blue
2559,tiggo blue
2560,rio blue
2561,tiggo red
2562,matiz red
2563,matiz blue
2564,rio blue
2565,matiz blue
2566,matiz red
2567,rio red
2568,matiz black
2569,tiggo black
2570,tiggo blue
2571,matiz blue
2572,rio red
2573,tiggo red
2574,matiz red
2575,tiggo red
2576,matiz red
2577,tiggo blue
2578,rio black
2579,matiz red
2580,rio red
2581,tiggo red
2582,tiggo blue
2583,rio black
2584,tiggo blue
2585,rio black
2586,matiz blue
2587,tiggo red
2588,matiz blue
2589,matiz blue
2590,matiz red
2591,matiz blue
2592,tiggo blue
2593,tiggo black
2594,rio red
2595,matiz red
2596,matiz blue
2597,tiggo red
2598,rio red
2599,rio blue
2600,tiggo blue
2601,tiggo blue
2602,rio red
2603,matiz blue
2604,matiz black
2605,tiggo blue
2606,rio black
2607,matiz black
2608,rio red
2609,rio red
2610,matiz blue
2611,matiz black
2612,matiz blue
2613,matiz blue
2614,matiz red
2615,rio blue
2616,tiggo blue
2617,rio black
2618,matiz red
2619,matiz red
2620,rio red
2621,matiz black
2622,matiz red
2623,tiggo red
2624,rio black
2625,rio blue
2626,tiggo black
2627,rio black
2628,rio black
2629,rio red
2630,rio blue
2631,matiz blue
2632,matiz blue
2633,rio red
2634,tiggo red
2635,matiz black
2636,rio black
2637,rio black
2638,tiggo blue
2639,tiggo black
2640,matiz red
2641,tiggo black
2642,rio black
2643,tiggo red
2644,tiggo red
2645,rio black
2646,rio red
2647,matiz red
2648,tiggo black
2649,rio red
2650,rio black
2651,rio blue
2652,matiz blue
2653,tiggo blue
2654,rio black
2655,matiz black
2656,matiz blue
2657,rio black
2658,rio red
2659,tiggo black
2660,matiz black
2661,rio blue
2662,rio red
2663,tiggo red
2664,tiggo black
2665,rio red
2666,tiggo blue
2667,rio red
2668,rio blue
2669,tiggo black
2670,tiggo black
2671,matiz black
2672,matiz blue
2673,rio black
2674,rio black
2675,matiz blue
2676,tiggo black
2677,tiggo black
2678,matiz black
2679,matiz red
2680,tiggo red
2681,matiz blue
2682,tiggo black
2683,matiz blue
2684,rio black
2685,matiz red
2686,tiggo blue
2687,rio red
2688,matiz red
2689,tiggo blue
2690,tiggo black
2691,tiggo black
2692,matiz black
2693,rio red
2694,tiggo blue
2695,matiz black
2696,matiz blue
2697,rio black
2698,rio black
2699,rio black
2700,rio red
2701,matiz red
2702,matiz blue
2703,tiggo blue
2704,matiz red
2705,matiz red
2706,tiggo red
2707,tiggo blue
2708,rio red
2709,rio red
2710,rio red
2711,matiz blue
2712,tiggo red
2713,tiggo black
2714,matiz black
2715,rio red
2716,tiggo red
2717,matiz red
2718,matiz red
2719,matiz red
2720,matiz red
2721,tiggo black
2722,matiz red
2723,matiz blue
2724,tiggo blue
2725,matiz red
2726,tiggo black
2727,matiz blue
2728,rio black
2729,rio blue
2730,rio red
2731,rio black
2732,rio black
2733,matiz black
2734,matiz black
